{
  "n_total": 1707,
  "n_train": 1365,
  "n_test": 342,
  "n_reconstructed": 342,
  "n_improved": 328,
  "pct_improved": 95.90643274853801,
  "mse_imp": 47.90637708696396,
  "rmse_imp": 27.824087873421345,
  "mae_imp": 35.24665270223589,
  "snr_imp": 2.8321543799010325,
  "cor_imp": 1.4035169593328733,
  "avg_snr_gain": 5.59072755180598,
  "noisy": {
    "MSE": 202176959.52961466,
    "RMSE": 14218.894455252654,
    "MAE": 5261.255979987604,
    "ME": 78.1477362334726,
    "SD": 14218.67970174925,
    "SNR": 11.852030124047921,
    "Pearson_r": 0.9689083537493404
  },
  "recon": {
    "MSE": 105321302.91439895,
    "RMSE": 10262.61676739412,
    "MAE": 3406.8393569457558,
    "ME": 66.40535734624905,
    "SD": 10262.401923668487,
    "SNR": 14.684184503948954,
    "Pearson_r": 0.9829435233426691
  },
  "post_sqa": {}
}